ID,set1,set2,set3,set4,set5,set6,set7,set8,set9,set10,set11,set12,set13,set14,set15
1,4,5,0,6,5,7,0,3,4,4,4,2,0,4,5
2,4,1,0,6,4,6,0,2,0,6,4,4,0,2,5
3,4,5,0,2,4,7,2,0,0,4,0,4,4,4,7
4,0,5,1,6,4,3,3,1,3,5,4,0,0,0,5
5,4,5,0,6,4,7,0,0,6,4,4,1,0,2,5
6,4,5,0,6,4,7,3,0,0,0,4,5,0,1,1
7,4,5,4,6,0,5,4,2,0,4,4,4,2,1,5
8,4,4,0,2,4,5,2,0,5,4,4,2,0,0,5
9,0,1,0,6,4,5,0,0,0,4,5,0,1,0,5
10,0,5,0,6,4,2,0,0,0,5,4,4,0,5,4
11,4,7,1,6,4,6,0,0,1,5,4,0,0,0,4
12,4,5,0,5,1,4,0,1,0,4,4,0,0,0,5
13,7,6,1,6,6,7,1,0,0,6,5,0,2,0,5
14,0,1,0,6,4,7,0,0,2,4,4,0,2,0,4
15,5,6,0,6,4,1,6,0,4,4,4,0,4,6,4
16,0,5,0,2,4,5,0,5,2,0,4,0,0,0,5
17,4,7,5,4,2,3,0,0,4,6,5,0,7,0,7
18,4,5,0,2,4,6,4,0,6,4,6,0,0,1,4
19,4,7,4,4,5,5,1,2,4,4,0,6,4,0,7
20,5,5,1,6,4,7,0,0,0,4,4,4,2,1,4
21,4,5,0,2,0,7,2,0,0,4,4,0,0,2,5
22,4,4,0,6,4,7,0,0,4,4,4,4,2,4,5
23,7,2,2,6,4,6,4,0,0,4,0,0,0,1,1
24,4,5,0,6,4,5,0,0,0,4,4,0,0,0,5
25,6,7,4,6,0,7,0,0,0,4,6,0,4,4,5
26,4,4,0,6,4,3,2,0,0,0,0,0,0,0,4
27,4,5,0,4,5,7,0,0,1,4,0,5,4,1,7
28,6,5,4,6,4,7,1,0,0,4,6,2,0,0,5
29,4,5,0,6,5,7,1,0,0,4,6,0,0,0,5
30,4,5,0,0,5,7,0,0,2,4,7,0,0,0,1
31,5,5,0,6,0,7,0,0,0,4,0,3,1,0,5
32,4,0,1,6,0,7,0,0,5,4,4,0,4,0,7
33,4,5,0,6,4,7,0,0,0,4,6,6,0,4,4
34,6,5,0,0,4,7,0,0,0,0,4,0,1,0,5
35,0,4,2,6,4,5,0,0,4,4,4,0,0,4,5
36,0,4,0,5,4,7,4,6,6,0,4,0,2,0,7
37,4,5,0,6,4,6,2,0,4,4,4,0,0,0,7
38,4,5,5,6,4,7,1,0,4,4,4,0,0,0,1
39,4,1,1,7,4,7,0,4,0,4,4,1,0,5,5
40,6,5,0,6,4,7,0,4,0,5,4,1,2,0,5
41,4,5,0,2,6,7,0,1,6,4,4,3,0,2,5
42,4,5,0,7,0,7,2,0,2,5,0,4,4,6,5
43,4,5,0,6,4,5,2,0,3,4,0,0,0,0,4
44,5,5,0,6,6,7,0,2,0,4,4,0,6,0,3
45,4,5,0,6,4,7,0,0,0,4,4,0,0,0,4
46,4,5,0,4,4,3,0,2,2,6,4,0,1,1,1
47,4,7,0,6,4,3,0,0,2,2,5,0,0,0,7
48,4,5,0,2,4,7,0,1,4,5,6,4,4,0,5
49,4,6,0,4,4,7,0,0,4,6,4,0,0,0,5
50,4,5,0,7,4,7,0,0,0,7,4,0,0,0,5
51,4,4,0,6,0,3,1,0,0,4,4,0,1,2,5
52,6,5,0,6,4,7,0,3,0,4,1,1,4,4,5
53,6,5,0,2,4,7,0,0,1,4,4,4,0,2,5
54,6,5,2,6,6,7,0,1,1,4,4,0,0,0,4
55,6,1,0,4,0,7,4,0,0,5,0,0,0,1,7
56,0,1,4,6,7,7,0,0,0,6,4,1,0,2,7
57,4,1,0,6,2,7,0,0,0,6,6,0,4,0,7
58,0,1,0,7,4,7,0,0,0,4,0,5,0,2,1
59,4,5,0,7,4,3,0,1,0,4,4,4,0,0,5
60,7,5,0e,6,2,7,3,6,4,4,4,1,0,2,5
61,4,4,0,6,4,3,0,2,0,0,4,1,0,0,5
62,5,7,0,6,4,7,0,0,0,0,4,0,0,0,1
63,6,5,1,6,6,4,0,2,2,4,5,0,0,0,5
64,6,3,0,4,6,7,0,2,0,4,5,0,0,0,1
65,6,7,0,4,4,6,0,6,2,4,4,0,0,4,5
66,4,5,0,6,6,6,6,0,2,4,4,4,2,2,4
67,0,5,0,4,4,5,2,0,0,6,4,4,0,0,4
68,4,5,0,6,4,7,0,0,0,4,4,2,0,0,4
69,4,5,0,7,4,3,0,0,0,4,6,0,4,2,5
70,4,1,2,6,0,7,4,0,1,0,5,0,0,0,7
71,4,5,0,6,4,5,0,0,0,0,6,0,4,0,5
72,4,4,0,6,7,7,0,0,4,6,4,0,5,0,5
73,4,1,0,4,4,7,0,4,0,4,4,0,1,0,6
74,4,5,4,6,4,4,0,0,2,4,4,0,0,0,5
75,6,7,2,4,5,7,4,0,5,4,1,2,0,0,5
76,4,1,5,6,4,7,0,2,0,4,4,0,0,4,0
77,4,5,0,6,4,6,0,0,2,5,4,7,2,4,7
78,4,7,4,6,4,5,0,0,0,4,4,0,0,0,5
79,5,6,0,6,4,3,0,2,0,4,4,0,0,0,5
80,4,7,3,6,4,6,2,0,0,4,4,0,4,0,5
81,4,0,4,3,5,7,2,2,0,4,5,0,0,1,5
82,4,5,2,6,4,6,2,5,0,4,4,0,0,1,5
83,4,7,0,6,4,3,6,1,0,6,4,4,7,0,5
84,4,5,0,6,5,3,1,0,1,0,4,0,4,5,4
85,4,5,0,6,4,7,0,0,0,4,4,0,0,0,5
86,4,5,0,2,4,3,0,0,0,4,0,4,0,0,4
87,4,5,0,6,4,7,0,0,0,5,5,0,0,0,5
88,4,5,0,6,4,7,0,0,1,4,6,4,0,0,5
89,4,5,2,6,4,7,1,1,0,4,1,0,1,0,1
90,4,5,0,7,0,7,0,0,1,4,4,0,0,2,5
91,4,5,0,6,0,7,0,4,0,4,4,3,0,0,4
92,4,1,0,6,4,7,0,0,1,4,0,4,0,1,5
93,4,4,0,6,4,3,2,0,1,0,4,0,1,1,4
94,4,5,0,6,4,7,0,0,2,4,6,0,1,0,5
95,4,1,4,6,4,7,0,0,0,4,4,0,0,0,5
96,4,5,0,6,0,1,0,2,0,5,4,0,4,0,5
97,4,7,0,6,4,7,0,0,0,4,7,0,0,0,4
98,4,5,1,6,4,7,0,0,0,4,6,2,0,0,1
99,0,6,1,5,4,6,4,0,0,4,4,0,0,0,1
100,4,5,0,4,4,3,0,0,0,4,0,4,4,1,5
101,4,5,0,6,4,7,0,0,4,0,0,0,0,1,1
102,4,0,0,4,5,7,0,0,0,4,6,0,0,0,4
103,0,5,0,6,4,3,4,0,0,4,4,4,4,0,7
104,4,5,0,6,0,5,0,4,0,4,4,3,5,5,5
105,4,5,0,7,6,7,2,0,4,5,5,5,0,0,5
106,4,1,5,6,6,7,2,2,1,4,6,4,0,0,1
107,4,5,1,4,4,3,0,0,2,4,0,0,0,0,4
108,4,5,0,2,4,7,2,0,2,4,7,0,4,0,5
109,4,5,4,6,4,7,0,1,3,4,4,0,1,0,5
110,0,7,0,6,4,7,2,0,3,4,0,0,0,0,5
111,6,5,2,6,4,7,5,4,0,4,4,0,0,0,4
112,4,5,0,6,4,5,0,2,1,6,6,5,0,0,5
113,2,5,1,2,0,7,6,5,0,4,4,4,0,0,5
114,6,4,4,6,4,7,1,0,0,6,4,0,0,0,5
115,6,5,1,6,5,3,0,0,0,4,0,2,0,0,5
116,0,5,0,6,4,7,0,3,0,2,4,0,0,0,5
117,6,5,0,6,4,2,0,2,0,4,4,2,0,0,6
118,4,5,0,6,4,7,0,2,2,4,4,2,2,0,5
119,5,4,0,6,4,7,0,0,2,4,4,0,0,0,5
120,4,5,0,6,4,7,5,6,0,4,5,1,0,0,5
121,0,5,0,6,0,7,0,0,0,4,4,0,0,0,5
122,4,5,0,3,4,7,4,0,1,4,4,2,0,0,5
123,6,5,0,4,4,6,0,0,2,4,4,0,1,0,5
124,4,5,4,6,4,7,4,0,0,4,4,2,0,4,4
125,4,4,4,6,6,7,0,6,1,0,4,0,0,2,5
126,4,5,0,6,6,7,0,0,0,6,5,0,0,0,5
127,4,5,0,6,0,5,0,0,0,0,4,0,0,0,0
128,4,5,0,6,4,7,0,7,0,4,0,0,4,0,7
129,4,7,0,6,0,7,0,0,0,0,4,1,0,0,5
130,4,5,0,6,4,7,0,0,0,0,4,0,1,0,4
131,6,7,1,6,0,5,0,0,0,4,6,0,0,4,1
132,4,5,0,6,4,7,0,0,0,6,4,0,4,2,5
133,0,5,0,6,4,4,0,0,0,4,6,0,4,4,5
134,4,5,0,6,4,5,5,0,0,4,4,0,4,0,5
135,5,5,1,4,5,7,0,0,0,4,4,0,0,2,5
136,4,5,0,3,4,7,0,0,4,1,4,0,0,4,5
137,4,7,0,4,4,7,0,4,2,2,4,0,0,0,7
138,4,5,5,3,4,7,0,0,1,4,4,0,0,1,5
139,4,1,0,0,4,5,4,1,1,1,6,0,2,0,5
140,4,0,0,6,6,7,0,0,0,4,0,0,3,0,4
141,4,5,0,6,5,7,0,0,1,5,4,4,1,0,5
142,0,4,4,6,4,5,0,0,0,4,1,0,3,2,5
143,1,5,0,6,4,7,0,0,0,4,4,1,0,0,5
144,0,1,0,6,4,7,0,0,0,4,0,0,0,1,4
145,4,5,0,6,4,7,4,3,0,6,6,4,0,0,7
146,4,1,2,2,4,1,0,3,0,0,0,0,0,0,5
147,7,1,0,2,4,5,0,0,0,4,4,0,1,7,5
148,4,1,0,6,5,2,0,0,0,4,4,0,5,4,1
149,4,5,2,6,4,3,0,6,2,5,4,0,0,6,5
150,0,5,2,6,4,5,0,6,0,5,0,4,1,4,1
151,2,5,2,7,6,7,0,0,0,4,4,0,0,0,5
152,4,5,0,2,4,7,2,0,6,4,0,0,0,5,5
153,5,5,0,6,4,7,0,0,4,5,4,0,0,0,5
154,4,5,1,2,4,6,0,5,0,4,4,0,0,0,5
155,5,5,0,6,4,0,0,0,4,0,6,2,0,5,5
156,4,5,2,6,4,6,0,0,0,4,4,0,1,0,4
157,4,5,0,4,0,7,0,4,4,0,4,0,1,0,5
158,4,4,1,6,6,3,0,0,0,4,4,0,2,0,5
159,2,5,0,6,6,7,0,0,0,5,5,1,4,0,5
160,0,5,0,7,4,7,0,0,0,4,5,0,0,1,5
161,4,5,1,2,4,5,4,3,0,4,4,0,0,0,4
162,5,0,0,4,2,2,0,0,0,4,4,0,2,4,5
163,4,5,0,6,4,7,2,0,0,0,4,0,0,0,1
164,4,7,0,6,4,7,0,1,0,4,0,1,0,0,5
165,4,5,4,1,4,5,0,4,2,4,4,1,0,0,5
166,5,7,0,6,1,6,0,0,0,6,4,4,2,0,5
167,4,3,0,6,2,5,0,0,0,4,4,0,0,0,5
168,4,5,4,6,4,5,0,0,0,0,4,7,4,2,4
169,4,5,0,6,0,7,0,0,0,5,6,0,1,0,5
170,5,5,0,6,4,6,4,5,2,0,4,0,0,0,5
171,4,5,0,6,7,1,0,0,2,4,4,0,0,0,1
172,4,5,2,6,2,7,4,0,0,4,6,0,0,1,4
173,4,5,0,6,0,7,0,1,6,0,0,0,0,1,7
174,6,5,0,5,4,7,0,1,0,4,4,0,0,0,5
175,4,5,1,4,4,7,4,0,3,4,5,0,0,0,1
176,5,5,0,6,4,3,0,0,0,4,5,0,4,2,5
177,4,5,0,2,4,7,0,0,0,7,4,2,1,2,5
178,4,0,0,4,6,7,0,0,0,4,4,0,0,3,5
179,6,6,0,6,0,3,4,0,0,0,6,0,0,0,5
180,5,7,0,7,4,5,2,4,0,7,6,2,2,0,3
181,6,6,3,6,4,7,0,4,4,4,4,0,1,6,5
182,6,0,0,6,6,1,2,1,4,5,6,0,0,5,1
183,4,5,0,6,4,7,0,4,0,4,4,0,0,0,3
184,1,5,1,6,5,7,0,4,0,4,4,0,7,2,5
185,4,5,3,6,4,5,4,4,0,0,4,1,2,2,5
186,5,5,0,6,4,5,0,0,3,0,4,4,0,2,5
187,4,5,0,6,5,7,0,0,0,4,5,0,0,0,5
188,1,5,4,6,4,7,4,3,0,4,4,0,0,2,0
189,4,5,0,6,5,3,0,0,2,4,4,6,2,0,5
190,4,5,0,6,0,7,0,0,1,4,4,0,0,4,5
191,4,5,2,6,1,6,4,0,0,0,4,0,0,0,5
192,5,5,5,4,6,7,2,4,0,5,4,0,1,0,5
193,4,1,0,6,4,7,2,0,0,4,6,0,0,2,5
194,4,0,0,6,4,5,0,0,1,6,4,4,0,0,7
195,0,5,1,2,4,5,0,0,1,4,4,0,0,1,6
196,4,5,0,6,0,5,0,0,0,4,4,0,0,4,5
197,4,1,0,2,0,2,0,0,0,4,6,0,2,2,5
198,0,3,0,6,4,7,0,0,6,4,4,0,0,0,1
199,4,5,0,2,4,3,4,1,0,5,2,0,2,0,5
200,4,5,0,5,4,6,0,0,0,3,4,2,3,0,1
201,0,5,3,6,4,7,0,2,2,4,4,0,4,0,1
202,4,5,2,6,4,3,5,0,0,4,4,4,1,1,5
203,4,7,0,2,4,7,0,0,4,0,5,0,0,0,1
204,4,4,0,2,0,3,1,0,0,4,5,4,0,4,4
205,4,5,0,2,4,6,0,0,0,4,4,0,0,6,5
206,4,5,0,6,6,7,0,0,0,4,4,0,2,0,5
207,4,4,0,7,6,7,2,3,0,0,4,4,0,4,1
208,0,7,6,6,4,3,0,1,0,6,4,0,1,0,5
209,5,5,0,6,4,3,0,0,0,6,4,2,2,0,5
210,6,5,1,7,1,7,0,5,1,4,4,2,2,0,1
211,4,1,0,4,4,3,0,0,0,4,5,0,0,0,4
212,4,1,0,2,4,2,2,2,1,4,2,1,0,0,1
213,0,1,0,6,4,7,0,1,0,4,4,0,0,4,5
214,4,5,0,6,4,3,2,0,0,4,5,0,0,0,5
215,2,7,1,6,5,7,0,0,0,4,5,0,2,2,4
216,6,1,0,6,7,7,0,0,0,4,0,2,4,0,5
217,0,4,2,6,0,7,0,5,0,7,4,0,0,4,5
218,4,5,0,6,4,7,0,4,0,4,0,0,1,4,5
219,4,1,0,7,4,7,5,0,2,4,4,0,0,0,1
220,6,5,0,2,2,7,1,5,0,4,4,0,0,4,5
221,4,5,0,7,4,7,2,0,2,4,4,0,2,2,1
222,4,5,1,6,2,6,0,2,0,0,7,0,1,4,4
223,4,5,0,6,4,6,1,0,1,4,4,0,0,0,1
224,4,5,0,6,4,5,2,4,1,4,0,0,1,0,5
225,4,7,2,6,4,2,1,0,0,4,4,1,0,0,5
226,4,1,0,6,6,7,2,1,0,6,4,0,0,0,3
227,4,5,0,7,4,0,1,0,1,4,4,0,0,0,7
228,4,5,0,6,4,3,0,2,4,5,0,0,0,0,5
229,4,1,2,2,4,7,0,0,1,4,4,4,4,2,5
230,4,5,1,6,4,7,1,4,0,4,4,5,3,0,4
231,5,5,2,6,6,7,0,1,0,4,4,0,0,0,5
232,4,5,6,7,6,7,0,0,0,4,0,4,5,0,5
233,4,7,4,6,2,7,0,0,0,7,0,0,0,0,5
234,4,5,0,6,4,7,0,0,0,4,4,0,2,1,5
235,4,5,0,6,4,7,7,0,0,7,4,1,7,5,3
236,4,5,2,6,0,6,0,6,1,6,0,0,0,0,5
237,0,4,1,2,4,3,0,0,2,4,6,4,2,1,4
238,4,5,0,7,0,5,0,4,0,4,4,0,0,0,5
239,4,5,0,6,4,7,0,1,2,6,4,0,0,2,1
240,4,7,1,6,4,5,0,0,0,6,4,0,4,0,4
241,4,3,0,6,4,7,0,2,0,4,4,0,0,0,3
242,0,5,0,6,4,7,0,0,0,4,4,3,2,0,5
243,5,5,5,4,5,6,0,0,0,4,0,0,0,1,7
244,6,3,2,7,4,7,0,4,0,4,0,0,0,0,4
245,0,5,0,7,4,6,0,0,2,4,4,2,0,1,7
246,5,1,0,6,4,7,0,2,1,0,4,0,0,2,7
247,4,5,4,7,4,7,0,0,2,4,5,1,4,0,5
248,4,4,0,6,4,7,4,1,2,4,4,0,0,0,1
249,0,7,0,3,0,5,4,2,0,4,5,1,0,0,5
250,4,5,1,6,4,6,0,7,0,6,4,0,0,6,1
251,0,7,2,7,4,3,0,0,2,4,6,1,0,1,7
252,4,5,0,6,4,7,0,5,0,4,4,0,0,0,1
253,4,5,5,6,4,3,0,0,0,2,4,0,0,0,7
254,4,5,0,6,4,7,0,0,4,4,5,0,5,1,5
255,4,0,0,6,0,5,0,0,1,4,5,0,1,4,5
256,0,5,0,2,4,7,0,4,0,5,4,2,0,2,4
257,6,5,4,6,4,3,0,0,0,6,6,4,0,2,4
258,4,5,2,6,0,6,0,0,0,4,4,0,0,0,4
259,4,5,0,6,6,7,0,2,2,4,4,0,0,1,5
260,4,4,4,7,4,7,0,4,0,4,5,0,6,0,5
261,4,5,0,6,4,7,0,2,0,4,4,1,2,0,3
262,4,4,2,6,4,3,2,0,4,4,4,0,0,0,5
263,4,5,0,6,4,7,0,2,0,4,7,0,2,0,5
264,4,5,0,6,0,7,0,0,0,4,4,1,0,0,7
265,4,5,1,6,6,3,0,0,4,0,6,0,2,1,5
266,6,2,2,4,6,4,4,0,4,4,0,0,1,2,5
267,4,3,0,6,4,7,0,0,0,0,4,0,4,0,1
268,1,1,5,6,4,5,1,0,0,4,4,0,0,0,0
269,0,5,2,6,4,7,0,0,3,5,6,0,1,4,1
270,1,5,0,6,6,7,4,0,0,4,0,0,0,0,5
271,0,5,4,5,4,6,1,1,2,4,4,1,0,0,1
272,7,5,2,7,7,0,1,4,0,4,7,0,0,0,5
273,4,5,0,7,6,3,0,0,0,4,5,0,5,4,5
274,0,5,2,6,4,3,0,0,0,4,4,5,2,2,5
275,0,5,0,6,2,7,0,0,0,0,4,4,0,4,5
276,4,4,0,6,4,7,4,6,4,4,6,2,0,0,1
277,4,1,5,6,5,7,0,0,0,0,0,0,0,0,4
278,6,5,4,7,0,1,2,0,0,4,4,0,0,0,5
279,4,5,4,6,4,7,0,2,1,6,4,6,1,1,5
280,4,5,0,6,0,3,2,1,0,5,0,3,4,4,5
281,4,5,0,6,6,7,0,5,4,5,4,0,0,0,4
282,0,5,0,6,4,3,1,0,1,4,4,0,0,0,5
283,1,5,0,7,4,7,4,0,4,0,4,1,0,1,4
284,0,4,2,6,4,7,2,0,2,4,4,0,0,0,1
285,4,5,4,6,4,7,3,1,2,1,4,0,0,0,5
286,4,1,2,6,4,7,0,2,4,6,4,0,0,0,5
287,4,5,0,6,5,7,0,0,0,5,0,0,4,1,5
288,2,1,0,2,4,7,0,3,0,4,6,6,4,0,5
289,4,5,0,4,0,5,2,0,0,4,4,1,0,0,1
290,5,1,0,7,2,3,0,0,2,5,6,0,1,0,5
291,5,5,0,4,4,7,0,0,5,5,4,0,0,1,5
292,5,5,5,6,4,7,4,1,0,5,4,0,3,2,5
293,4,3,6,6,4,7,0,0,4,1,6,0,0,4,3
294,4,4,0,6,1,7,0,1,0,4,7,0,2,0,1
295,0,5,4,6,4,2,0,0,1,0,4,1,2,1,7
296,2,6,0,4,4,5,0,4,0,5,5,0,0,0,5
297,4,7,0,2,5,1,0,0,0,0,2,2,0,0,4
298,0,1,3,6,4,7,0,0,0,4,6,1,0,0,5
299,4,6,0,7,5,6,0,0,1,4,5,0,4,0,5
300,6,5,0,4,0,6,0,0,0,4,1,0,0,0,4
301,4,5,2,4,4,3,2,0,0,5,4,6,0,0,1
302,4,5,0,4,2,3,6,0,1,4,0,0,0,2,5
303,4,5,0,2,4,7,0,1,0,4,0,1,0,0,5
304,4,5,2,7,4,1,0,2,0,4,4,0,0,2,5
305,4,5,0,7,7,7,4,0,0,5,5,0,6,0,5
306,4,5,0,4,4,7,1,4,2,6,4,0,2,1,5
307,5,5,2,4,0,6,2,0,0,6,4,0,1,2,5
308,4,6,0,6,6,7,4,1,0,6,4,0,2,0,7
309,4,5,0,6,6,7,4,4,0,6,4,0,0,0,5
310,6,5,1,6,3,7,0,0,0,4,4,5,3,0,5
311,0,5,0,6,4,7,0,4,0,6,4,0,0,2,5
312,4,1,4,4,4,3,0,0,0,0,4,1,2,6,4
313,4,5,2,6,4,7,2,6,0,7,4,0,1,1,5
314,4,4,0,6,4,3,0,0,0,4,6,0,0,0,5
315,4,5,0,6,4,7,4,0,4,4,6,0,0,0,4
316,0,7,2,2,4,4,0,0,0,4,4,0,0,1,5
317,0,5,0,6,5,7,1,0,0,4,4,0,0,0,4
318,1,5,0,6,4,7,0,4,4,4,4,0,4,0,5
319,4,5,1,6,4,7,0,0,0,4,4,0,2,0,7
320,2,5,0,6,4,7,0,0,0,4,5,5,2,1,1
321,6,5,0,2,4,7,2,0,0,4,4,1,1,0,7
322,4,5,0,4,4,3,0,0,0,5,4,0,0,0,5
323,0,7,0,6,5,7,0,0,0,4,1,0,0,0,5
324,4,0,0,4,0,5,0,0,0,5,4,0,0,0,1
325,4,0,0,4,4,7,0,0,0,5,4,0,0,1,5
326,4,4,0,6,4,6,0,0,4,4,5,2,0,0,1
327,4,5,2,2,0,7,0,0,0,4,4,1,0,1,5
328,0,5,0,6,6,7,0,0,2,4,4,2,4,0,5
329,0,5,3,6,4,7,0,0,4,4,4,0,4,0,1
330,4,5,0,4,5,3,0,0,0,0,5,0,1,0,5
331,1,7,0,6,4,4,1,2,0,0,4,3,1,4,1
332,4,5,0,2,6,7,5,2,0,0,0,0,0,0,3
333,0,1,0,7,4,7,0,1,2,6,1,0,0,0,5
334,4,5,1,6,5,7,0,0,2,4,4,0,0,0,5
335,4,1,4,4,5,7,0,4,4,4,0,1,0,3,5
336,4,4,4,6,4,5,0,0,5,4,0,2,0,0,1
337,4,7,0,6,0,7,1,0,0,4,7,1,0,0,5
338,4,5,0,6,5,3,1,0,2,6,4,0,3,0,5
339,6,7,0,6,7,7,0,0,4,5,5,2,2,0,5
340,4,4,4,3,4,7,2,0,0,4,4,4,0,4,3
341,4,5,0,6,4,7,0,0,0,4,4,0,0,0,5
342,4,5,0,6,6,6,0,0,0,4,4,1,4,0,4
343,6,5,0,6,4,5,0,4,0,0,1,6,0,2,7
344,4,1,0,7,6,3,0,0,0,4,4,0,0,2,5
345,4,1,2,6,4,7,0,0,0,4,4,0,0,2,5
346,6,4,0,6,4,3,0,0,2,4,4,0,0,1,0
347,5,5,0,6,4,3,4,0,4,4,5,2,0,2,5
348,4,1,0,6,5,7,0,0,0,4,6,0,0,0,5
349,6,5,0,6,4,7,0,1,0,4,4,0,1,1,4
350,0,5,0,6,4,7,0,0,0,4,4,0,2,0,1
351,4,7,0,6,0,3,0,0,0,4,4,1,0,0,7
352,4,4,0,6,4,7,0,0,1,6,0,2,1,0,5
353,4,5,0,4,4,7,0,1,0,5,6,0,0,1,5
354,0,5,0,6,4,3,0,0,4,4,6,0,1,0,4
355,4,1,1,6,4,7,1,1,1,4,0,1,2,0,7
356,4,6,0,6,4,7,0,6,0,0,6,0,0,1,5
357,4,5,0,6,6,5,1,2,0,5,4,0,1,1,1
358,6,7,0,7,0,7,0,0,0,2,4,0,2,5,3
359,6,5,0,6,4,6,0,0,0,4,4,0,0,0,5
360,4,7,0,6,4,7,4,0,0,5,4,0,0,0,5
361,4,1,1,6,4,7,0,4,0,4,4,0,4,4,5
362,4,5,0,2,0,7,0,2,1,6,0,1,1,0,5
363,0,1,0,6,0,3,0,0,0,4,5,0,0,4,5
364,6,4,0,6,4,7,0,0,3,4,4,4,0,2,5
365,6,5,0,3,4,7,0,2,0,4,0,2,2,0,5
366,4,5,0,6,4,5,0,0,0,4,4,0,0,0,7
367,4,5,1,6,4,7,1,0,0,0,6,0,0,1,5
368,4,5,1,6,4,7,0,0,0,4,4,0,0,0,5
369,5,5,1,7,4,7,0,0,0,4,6,0,0,3,1
370,4,1,0,6,4,5,4,0,0,0,4,1,0,4,5
371,4,5,1,6,6,3,4,4,7,0,5,4,0,4,1
372,6,5,4,6,4,5,4,0,0,4,4,0,1,4,4
373,4,7,0,4,4,7,3,0,0,0,4,4,0,0,5
374,4,5,1,2,0,5,0,4,0,4,2,0,0,3,1
375,4,1,0,6,6,7,2,4,0,4,0,6,0,2,5
376,4,5,0,6,4,3,4,0,0,5,0,1,0,2,5
377,6,5,0,6,4,7,0,0,0,5,4,0,0,0,5
378,6,4,4,4,4,6,0,0,2,4,1,4,0,0,5
379,4,1,0,6,0,4,0,0,2,4,4,0,0,0,4
380,4,7,0,6,6,7,0,0,0,4,4,4,2,3,5
381,2,5,0,6,4,5,2,6,2,4,4,0,0,4,5
382,4,5,2,6,4,3,0,0,0,4,5,0,2,0,3
383,6,1,0,6,4,3,4,4,2,4,5,0,4,2,5
384,4,7,0,4,5,6,0,0,0,4,3,4,0,0,7
385,4,1,0,6,6,7,0,6,2,4,4,0,1,1,5
386,6,5,4,6,0,7,0,6,4,1,4,2,0,0,5
387,4,1,2,7,4,6,4,0,0,5,4,0,0,0,7
388,4,5,0,6,0,7,0,0,0,5,1,0,0,0,5
389,4,4,0,7,5,7,4,0,0,4,4,0,0,4,5
390,4,5,0,6,4,7,0,1,6,0,4,4,0,1,5
391,4,5,0,4,4,7,0,0,0,5,4,2,0,0,5
392,4,5,2,6,4,7,0,2,0,4,4,0,2,0,5
393,4,5,0,6,4,7,1,2,0,7,4,1,0,0,5
394,0,4,0,4,4,7,0,0,2,6,4,6,2,0,5
395,4,4,5,3,4,7,0,2,0,5,4,6,1,0,5
396,4,4,0,6,4,7,0,4,0,4,0,4,2,0,5
397,4,5,4,6,0,7,4,2,0,0,4,0,0,5,7
398,7,5,1,6,4,3,0,0,0,4,4,5,4,0,5
399,6,4,0,6,5,7,4,0,2,4,4,0,0,0,5
400,4,5,0,6,4,5,0,2,1,6,4,0,4,0,7
401,0,5,0,2,4,7,0,0,0,4,5,0,0,2,5
402,5,5,0,2,4,7,0,0,0,0,4,0,0,0,5
403,4,7,0,2,4,5,4,0,0,4,5,3,4,0,5
404,4,5,1,5,4,6,0,0,0,4,0,1,0,4,4
405,4,5,1,6,4,7,2,0,1,4,4,0,0,4,5
406,6,7,0,6,2,7,0,1,0,4,4,2,1,0,5
407,4,1,0,6,6,6,4,2,0,4,4,0,0,1,5
408,6,0,0,6,0,7,0,0,0,4,1,0,0,0,5
409,4,7,0,6,4,7,0,2,0,4,5,2,0,0,7
410,6,1,0,7,5,7,0,1,1,1,2,5,0,0,1
411,4,1,0,6,4,7,0,0,0,4,4,4,2,0,5
412,4,1,1,6,4,7,0,0,0,4,4,0,0,0,5
413,4,5,0,6,0,7,4,0,0,4,0,0,0,2,5
414,4,5,0,6,4,6,0,0,4,2,4,5,0,1,6
415,4,5,2,6,4,7,1,2,0,4,0,1,0,0,5
416,6,5,2,4,4,3,0,0,0,4,6,0,0,0,0
417,0,4,4,6,4,7,0,2,0,4,6,0,6,0,5
418,7,5,1,6,5,7,0,0,0,4,4,0,0,1,5
419,4,5,0,6,4,7,0,0,0,4,4,1,0,2,5
420,4,5,0,2,2,3,0,4,0,0,0,0,0,0,5
421,4,1,0,6,4,7,1,0,4,4,5,0,0,0,5
422,4,0,0,6,4,7,0,4,1,4,0,0,0,1,5
423,5,7,4,6,1,5,0,0,1,6,5,0,2,0,5
424,4,7,0,6,4,3,1,0,0,4,4,3,0,0,5
425,4,5,0,6,4,7,0,0,0,0,4,0,2,5,1
426,4,7,4,4,4,3,2,4,0,5,4,0,5,0,5
427,4,7,0,6,4,7,0,0,0,4,5,0,1,1,4
428,0,5,1,6,0,6,2,2,0,4,5,5,1,0,5
429,4,7,0,7,4,7,0,0,0,4,0,0,0,0,4
430,4,5,0,6,5,7,0,0,2,4,4,5,2,0,5
431,6,5,2,6,4,7,5,0,0,5,4,0,0,0,5
432,4,4,0,6,4,7,4,0,2,6,6,3,0,0,3
433,4,6,5,0,4,7,0,0,0,7,4,0,0,1,5
434,6,5,4,6,4,7,0,0,0,0,4,0,0,0,5
435,5,5,2,7,5,7,2,0,0,4,0,0,4,0,7
436,4,7,0,6,4,7,1,4,1,4,4,6,0,1,5
437,4,5,0,6,0,7,0,1,2,4,5,4,0,0,0
438,4,1,4,6,6,7,0,0,1,0,6,0,1,1,4
439,0,5,1,2,5,7,0,0,0,4,0,0,0,0,5
440,4,4,4,6,5,5,0,0,0,3,4,0,1,4,5
441,4,5,0,6,6,7,4,0,0,4,4,0,6,0,5
442,4,5,0,0,7,7,6,0,0,4,4,1,0,1,7
443,5,5,0,4,4,7,1,0,2,5,4,0,4,0,7
444,0,5,0,7,6,1,1,0,4,4,4,1,2,4,5
445,4,5,4,2,4,7,0,4,1,6,4,0,0,0,5
446,4,5,0,6,4,3,1,6,0,4,4,6,2,0,5
447,7,5,0,6,0,7,5,0,4,4,4,0,0,4,7
448,5,5,0,6,4,7,4,4,0,3,5,0,0,0,5
449,2,5,0,6,7,7,1,0,0,4,4,2,4,2,7
450,4,5,2,6,4,6,4,0,0,4,4,0,4,0,5
451,4,5,0,2,4,6,0,0,0,5,4,0,4,0,5
452,4,0,0,6,1,3,0,2,0,4,4,0,0,0,7
453,6,5,0,6,4,7,0,1,0,0,0,1,2,0,1
454,4,7,0,6,4,5,1,1,0,4,4,0,0,1,5
455,5,4,0,4,4,3,0,1,5,6,6,0,0,0,5
456,4,5,1,6,4,3,4,0,1,5,4,5,0,6,5
457,5,7,0,6,4,5,0,0,0,6,6,0,0,0,5
458,4,5,0,6,4,7,6,6,4,4,4,1,0,0,4
459,4,5,0,6,5,7,0,0,2,3,6,2,0,0,5
460,0,1,0,6,4,7,0,0,0,4,4,2,0,0,3
461,4,4,0,4,4,5,0,0,0,6,4,0,0,0,5
462,4,5,0,6,4,5,0,4,1,4,4,0,0,0,4
463,4,5,0,2,6,3,0,6,0,4,4,1,1,0,4
464,4,5,0,6,4,7,0,4,6,7,6,0,0,0,5
465,4,5,0,6,6,7,0,0,1,4,4,2,0,4,5
466,5,4,0,6,6,5,2,0,2,4,4,0,4,6,5
467,5,7,2,6,4,5,2,1,0,5,6,0,1,4,1
468,4,5,0,2,4,7,4,2,0,4,6,1,0,0,5
469,4,5,0,6,4,7,0,0,0,4,6,4,0,4,3
470,4,5,1,6,4,7,2,0,0,4,4,4,0,0,5
471,4,5,0,6,4,5,0,4,0,4,4,0,0,0,5
472,2,5,1,2,6,7,0,0,0,4,4,1,7,2,7
473,5,7,0,6,4,5,0,0,0,2,4,4,0,0,5
474,4,1,4,6,0,7,1,0,1,0,4,0,2,2,7
475,4,7,0,6,0,3,0,0,4,4,4,0,0,4,4
476,4,5,1,4,4,2,0,0,0,1,4,3,3,0,5
477,0,5,5,6,4,3,0,1,4,6,4,0,4,0,3
478,5,5,0,4,4,7,0,0,0,4,4,0,2,0,5
479,4,5,1,6,4,7,2,0,3,4,4,0,1,0,5
480,5,1,4,7,4,6,3,0,0,6,4,0,1,0,1
481,4,5,0,6,0,7,0,0,0,5,0,0,0,4,5
482,4,5,4,6,4,7,2,0,4,4,4,0,4,1,1
483,1,5,0,7,4,7,0,2,0,4,4,0,0,0,5
484,4,5,0,6,4,7,2,2,0,5,4,0,0,0,5
485,4,5,0,6,4,6,0,0,0,4,4,2,0,2,5
486,4,4,0,7,4,6,6,4,0,5,4,0,0,0,5
487,6,5,0,7,5,3,3,0,0,4,0,0,2,1,7
488,4,5,6,6,4,5,1,0,0,4,2,0,0,5,4
489,5,1,4,6,4,7,0,0,0,5,4,2,0,0,1
490,6,5,0,6,1,7,0,0,1,4,4,0,0,0,7
491,0,5,0,6,4,5,1,0,0,4,4,0,4,0,5
492,5,5,0,5,4,7,6,2,1,4,4,0,4,2,4
493,4,5,0,2,4,6,0,0,0,0,4,4,5,0,5
494,6,5,0,6,4,7,0,2,0,4,4,0,4,0,5
495,0,5,2,6,5,7,1,3,1,0,4,0,0,0,5
496,6,4,0,4,4,7,0,0,0,6,5,0,2,0,5
497,6,7,4,2,6,7,0,0,2,5,4,0,0,0,5
498,0,5,4,6,4,7,2,1,3,6,4,2,0,0,5
499,6,3,2,7,7,7,0,0,0,4,4,0,0,4,5
500,4,5,0,6,5,1,0,3,4,0,4,0,2,0,1
501,7,5,0,6,4,7,0,0,0,4,4,0,0,2,5
502,5,4,0,6,5,6,0,1,0,4,4,0,0,0,5
503,5,5,0,6,4,7,0,0,2,0,5,2,1,0,5
504,0,1,0,7,4,7,2,0,0,6,0,0,2,0,5
505,4,5,0,6,4,2,0,1,0,6,4,0,2,3,5
506,7,5,0,6,4,7,0,0,6,4,4,4,2,0,5
507,4,4,6,6,5,3,0,0,5,4,4,4,1,5,5
508,0,5,0,4,6,7,4,4,0,4,5,0,0,4,5
509,4,5,2,6,4,7,0,0,0,6,5,4,0,0,7
510,4,5,0,6,4,6,0,3,4,0,4,1,0,0,5
511,4,5,0,7,4,7,4,1,0,4,4,2,0,2,5
512,4,4,4,4,4,7,0,0,4,4,7,2,2,0,5
513,4,5,0,6,6,7,0,0,0,4,4,4,5,0,1
514,4,4,4,6,0,7,4,0,0,4,4,0,0,0,4
515,4,5,0,6,4,6,1,0,5,5,5,3,0,4,5
516,4,5,0,4,6,7,6,0,0,4,4,0,0,0,5
517,4,5,2,6,6,5,0,0,0,6,4,0,3,0,4
518,4,4,0,4,4,3,0,0,4,0,4,2,2,0,5
519,4,5,0,6,4,6,0,2,0,4,4,0,0,0,5
520,4,5,0,3,6,6,0,0,4,4,4,0,0,2,5
521,4,1,0,6,4,7,0,0,1,6,6,0,4,1,5
522,4,4,4,6,4,7,0,0,2,4,4,0,4,1,5
523,4,4,4,2,4,7,2,0,0,4,4,0,1,0,4
524,5,5,1,6,2,7,4,6,0,5,4,0,4,2,5
525,4,5,0,6,4,7,4,2,4,4,4,0,2,0,4
526,4,4,0,6,0,7,0,0,0,1,4,0,0,0,6
527,4,1,0,6,6,7,1,4,0,4,6,4,0,4,5
528,4,7,0,4,6,6,0,0,4,5,4,0,0,0,5
529,4,1,0,6,0,7,0,1,0,6,0,2,2,4,1
530,2,4,0,6,5,7,1,0,0,2,4,0,0,0,5
531,3,1,0,6,5,5,2,4,0,5,4,0,4,0,5
532,2,0,2,4,4,7,1,0,0,0,4,4,1,1,5
533,5,5,1,2,4,7,0,0,2,4,0,4,0,0,5
534,4,1,0,7,6,7,0,0,0,4,0,0,4,0,4
535,5,7,2,2,4,4,1,0,4,2,4,0,4,0,4
536,0,1,0,6,4,7,0,0,0,4,4,0,0,1,5
537,6,5,0,6,4,7,5,4,0,6,4,1,1,0,0
538,4,5,0,4,4,7,2,1,2,5,4,0,0,0,5
539,6,1,0,6,2,6,0,0,2,4,4,1,2,0,6
540,4,5,2,6,4,7,0,0,1,4,6,5,0,0,5
541,6,1,0,6,4,7,0,0,0,6,4,0,0,0,5
542,0,5,0,6,4,6,0,2,2,4,4,0,4,0,5
543,4,5,2,6,4,5,3,2,0,6,4,0,0,0,5
544,0,5,1,6,0,7,0,1,0,0,4,0,0,0,5
545,4,1,1,4,2,6,0,0,0,0,4,0,0,0,4
546,4,5,2,6,4,5,1,4,0,4,0,0,0,0,4
547,4,7,0,6,4,7,2,0,0,0,4,0,2,0,3
548,4,5,1,2,4,3,1,0,4,4,4,3,0,4,1
549,5,5,0,4,4,7,0,1,4,4,4,0,0,0,5
550,4,4,0,3,5,7,1,0,0,4,4,0,0,4,5
551,5,4,1,4,4,7,2,4,0,5,0,0,0,0,5
552,4,5,0,2,4,7,0,0,3,4,0,0,1,0,5
553,6,7,0,3,5,6,1,0,0,4,4,2,4,0,4
554,4,7,0,6,4,7,0,2,4,4,4,4,4,0,1
555,4,5,0,7,5,7,2,0,0,4,6,6,0,0,5
556,4,3,0,6,4,7,0,2,0,4,5,0,6,1,5
557,5,7,0,6,4,7,0,1,1,4,4,0,0,2,4
558,4,5,1,7,4,3,2,0,2,4,5,1,0,4,4
559,4,7,0,6,4,7,1,5,1,0,4,1,0,1,4
560,4,4,0,6,4,5,0,0,0,5,0,0,0,0,1
561,2,5,0,7,4,7,0,2,0,4,2,0,0,0,5
562,4,3,0,6,4,7,0,0,0,4,4,0,0,7,1
563,4,5,1,0,4,6,2,0,0,4,4,0,2,1,5
564,5,7,2,2,5,7,1,0,4,4,5,0,0,2,5
565,4,5,2,6,4,7,0,0,2,0,4,0,4,4,7
566,1,5,2,6,4,7,0,4,5,4,4,4,0,0,7
567,3,5,0,6,4,7,0,1,1,4,4,4,0,4,7
568,4,4,0,6,4,7,4,0,0,4,0,0,4,0,7
569,4,5,1,2,6,2,0,0,0,5,4,0,0,1,7
570,4,5,0,6,4,7,0,0,0,0,4,0,1,0,1
571,5,5,1,7,4,7,2,4,0,4,6,0,0,2,5
572,4,7,1,6,4,7,0,4,2,6,6,0,0,0,7
573,4,5,5,6,0,7,0,0,0,4,4,0,0,1,4
574,4,5,0,6,5,3,2,0,0,4,4,4,1,0,5
575,6,5,0,2,1,7,0,2,3,4,4,0,0,0,5
576,4,5,0,7,4,5,2,2,5,4,4,0,0,0,5
577,4,5,0,6,4,7,4,4,4,4,4,0,0,6,5
578,4,1,0,6,4,6,0,1,4,6,6,4,0,0,1
579,4,1,0,6,4,3,0,0,0,4,4,0,0,0,5
580,4,5,4,6,4,7,0,0,0,6,5,4,0,0,5
581,4,4,0,6,5,7,1,0,0,4,4,0,0,0,5
582,4,5,1,6,4,3,0,0,0,4,4,0,0,0,5
583,0,5,0,6,6,3,0,0,0,4,4,0,0,0,5
584,6,5,0,7,4,7,0,0,2,2,6,4,0,4,5
585,4,5,4,6,7,7,0,2,0,4,4,0,4,5,4
586,4,4,4,6,5,7,2,6,1,4,4,0,2,4,1
587,6,5,0,4,4,7,0,4,2,4,4,1,2,0,0
588,4,5,0,6,4,7,4,0,0,4,4,2,4,4,5
589,4,5,4,4,7,7,0,1,4,6,4,0,2,1,7
590,4,5,4,1,4,7,0,0,0,4,1,1,0,0,5
591,4,4,0,7,4,7,0,2,0,5,6,0,0,0,5
592,5,0,0,6,4,5,0,0,0,0,4,0,0,0,5
593,4,7,0,6,4,7,0,0,2,5,1,0,0,4,5
594,4,4,0,7,6,3,0,4,1,4,2,0,0,3,1
595,4,5,0,2,5,5,0,0,0,4,4,0,0,4,5
596,1,5,0,6,4,5,4,0,0,4,6,0,4,0,4
597,6,5,0,2,0,7,2,2,2,4,1,4,0,0,1
598,4,4,2,7,4,7,3,0,0,0,0,0,0,0,5
599,4,1,0,6,0,7,0,0,0,1,0,0,0,0,5
600,4,5,0,6,5,7,1,1,0,4,4,0,0,1,4
601,1,4,4,6,4,7,2,0,3,5,0,0,0,1,5
602,4,5,0,2,4,7,4,0,0,4,4,0,0,4,5
603,4,5,2,6,5,7,0,0,2,4,4,0,2,0,5
604,4,2,0,6,4,4,0,0,0,4,4,0,2,0,5
605,4,5,0,6,4,7,0,0,0,4,4,0,6,0,0
606,4,7,0,6,4,3,1,2,5,0,4,0,4,0,5
607,4,1,5,3,0,6,0,0,0,4,4,0,0,4,5
608,4,5,0,0,4,6,0,3,5,6,5,0,2,0,5
609,5,5,1,2,4,7,4,0,0,5,6,0,0,1,5
610,5,7,0,6,0,7,1,4,0,6,5,0,0,0,5
611,0,1,0,4,4,7,0,0,0,6,1,0,0,0,1
612,4,5,0,6,4,7,0,4,4,4,4,2,2,0,1
613,4,7,2,7,4,7,0,0,0,4,5,0,0,2,5
614,4,3,0,6,0,7,0,0,0,4,4,0,0,4,5
615,4,5,0,6,4,7,5,0,0,6,6,0,0,0,5
616,5,5,0,6,6,5,0,0,0,4,4,1,1,0,5
617,4,5,0,6,4,7,0,0,2,4,6,0,1,5,5
618,0,5,0,6,4,4,2,0,4,4,1,0,1,2,5
619,4,5,0,6,4,3,0,0,0,4,4,0,0,0,5
620,4,4,0,2,6,3,5,2,0,4,5,0,0,0,5
621,4,3,2,0,4,4,0,0,2,5,4,4,0,0,5
622,4,5,1,6,4,5,0,0,6,4,4,0,2,0,5
623,2,7,0,7,4,7,4,0,0,4,4,2,0,0,5
624,4,5,0,6,4,7,1,4,6,2,4,0,1,2,5
625,6,1,2,7,4,7,0,1,0,0,4,0,2,0,5
626,4,5,0,6,0,7,4,2,0,5,4,0,0,0,1
627,6,7,2,7,6,5,2,0,4,4,4,0,0,1,5
628,4,5,0,6,2,7,0,0,0,4,4,4,0,2,7
629,6,0,0,1,6,3,0,4,0,4,4,0,0,0,0
630,4,5,0,7,4,7,4,1,0,4,0,1,4,1,5
631,5,5,4,7,4,7,0,0,1,0,4,2,0,4,5
632,5,6,2,6,6,6,0,0,0,0,4,1,0,2,1
633,4,5,5,6,4,7,0,2,0,5,0,2,7,2,5
634,0,5,0,6,4,7,2,4,0,4,4,0,0,2,5
635,4,5,0,6,4,7,1,0,1,4,4,3,4,4,5
636,4,5,0,6,4,7,0,0,1,5,0,0,0,3,5
637,4,7,0,2,0,7,0,4,0,0,3,1,0,0,5
638,4,5,1,6,0,7,0,0,0,4,6,4,5,0,3
639,5,5,4,6,6,7,1,0,0,4,4,0,4,4,5
640,7,5,0,4,6,7,0,0,0,4,6,0,0,0,5
641,0,5,5,0,0,3,0,5,0,4,4,4,0,2,5
642,4,5,0,6,6,7,2,0,2,4,0,0,6,2,4
643,4,5,2,4,7,7,1,0,4,4,4,0,2,2,5
644,4,1,2,6,4,7,0,0,0,0,4,0,2,0,5
645,6,7,0,2,4,7,4,0,0,4,0,0,0,1,1
646,5,7,0,6,4,3,0,1,4,4,5,4,0,4,5
647,4,1,0,3,4,7,0,2,0,0,5,1,0,0,5
648,4,5,0,6,4,7,0,0,2,4,4,0,0,0,5
649,4,5,1,6,4,7,0,4,0,0,0,4,0,4,5
650,4,7,0,2,4,5,2,0,4,5,0,3,0,0,7
651,4,4,4,2,4,7,0,4,0,4,0,0,2,1,5
652,5,7,4,6,4,6,4,0,1,4,4,0,0,0,5
653,0,5,4,6,0,6,0,0,0,4,6,1,0,0,5
654,4,5,0,6,7,7,1,0,0,4,0,2,0,0,5
655,4,1,4,7,4,7,0,4,7,4,0,6,0,0,7
656,4,5,4,6,4,7,0,0,4,4,5,0,0,5,5
657,4,5,0,6,4,7,0,0,0,4,6,4,0,3,5
658,4,5,0,2,4,7,2,4,0,4,4,0,4,2,1
659,0,4,2,6,4,6,1,0,0,0,4,1,0,1,5
660,4,1,0,6,4,7,0,0,0,4,0,0,0,6,4
661,5,5,0,6,4,7,1,0,1,4,0,6,0,0,1
662,4,4,4,6,6,3,0,0,0,4,4,0,0,0,1
663,0,5,2,6,4,5,0,4,4,0,4,0,0,5,7
664,5,4,0,6,0,7,0,0,0,5,4,2,0,1,7
665,4,5,2,6,4,6,2,6,1,4,6,0,4,0,5
666,7,7,2,6,4,7,0,2,0,4,6,4,0,0,7
667,4,5,0,6,4,7,0,0,0,4,4,0,1,0,7
668,6,5,5,7,1,7,0,0,4,4,4,1,0,0,7
669,4,1,4,3,4,7,0,0,0,6,5,1,4,0,5
670,4,3,2,7,5,7,3,0,0,4,0,3,0,2,1
671,4,5,2,6,4,3,1,0,0,4,4,0,0,0,5
672,5,4,5,0,4,7,0,0,0,4,4,4,0,1,5
673,4,5,4,6,4,7,4,0,2,4,4,0,0,6,5
674,0,0,0,6,4,6,0,4,0,4,4,0,0,1,5
675,4,0,0,6,4,7,1,0,0,0,4,2,0,1,7
676,4,5,0,6,4,7,2,0,0,4,4,4,0,0,4
677,6,5,6,6,4,7,0,0,0,4,4,4,2,1,5
678,1,1,0,6,4,5,2,1,2,4,0,0,2,1,5
679,4,4,2,5,5,5,1,3,2,6,4,2,0,2,5
680,4,7,0,2,5,7,0,5,0,4,4,0,1,2,4
681,0,5,0,7,2,7,1,0,0,4,5,0,4,0,4
682,4,4,0,6,4,7,0,0,1,4,0,0,0,2,4
683,4,5,0,6,5,7,0,0,0,0,5,1,0,2,5
684,4,4,0,6,4,7,0,0,6,5,4,0,0,0,5
685,4,5,0,6,4,7,6,0,0,0,4,0,5,0,5
686,4,5,2,6,4,6,0,0,0,0,4,2,0,2,4
687,0,1,0,6,6,7,0,1,4,4,4,0,0,0,4
688,6,5,0,6,5,6,0,0,0,4,0,0,0,0,1
689,7,5,0,6,4,7,0,0,0,6,5,0,0,0,4
690,4,5,1,7,4,1,2,0,0,4,4,0,0,0,5
691,6,5,0,7,4,6,2,0,0,3,4,3,0,0,5
692,4,1,0,6,4,7,0,0,0,4,4,0,4,0,5
693,0,7,0,2,0,7,0,3,0,4,4,0,3,0,5
694,4,1,0,4,4,7,0,1,1,4,0,0,4,2,5
695,0,5,4,3,4,7,1,2,1,4,5,4,0,0,6
696,2,3,0,6,6,7,0,0,0,0,6,0,0,0,5
697,4,5,0,2,4,7,0,0,2,4,6,0,2,6,7
698,4,5,0,6,4,5,0,0,6,4,0,1,6,0,5
699,2,4,2,7,4,7,0,1,0,4,4,1,0,0,5
700,0,5,0,6,4,7,0,1,0,4,4,0,0,0,5
701,4,6,0,2,6,3,0,0,0,4,4,1,0,2,5
702,4,7,0,7,5,7,0,2,0,4,4,0,0,0,1
703,4,1,0,6,4,7,0,2,1,4,4,1,0,1,5
704,4,1,0,6,4,7,0,6,1,5,6,0,4,0,5
705,6,1,0,6,4,6,2,2,0,6,0,0,0,4,5
706,4,5,1,6,6,7,0,0,2,4,5,0,6,0,1
707,6,5,0,6,5,7,0,6,0,6,0,0,1,2,5
708,4,7,2,6,4,7,0,0,0,4,4,0,0,0,5
709,4,6,2,6,4,7,0,0,0,6,0,2,4,0,5
710,4,5,3,2,4,6,6,2,1,0,4,0,0,0,6
711,4,1,2,7,4,7,0,0,0,4,4,1,0,4,1
712,0,5,0,6,0,7,0,1,3,4,4,0,1,0,5
713,4,5,0,6,5,7,0,0,0,4,4,0,0,0,5
714,6,5,0,6,6,0,1,0,0,4,4,0,0,0,5
715,4,1,4,6,4,5,0,0,0,4,6,2,0,0,7
716,4,5,2,3,4,7,0,0,4,4,0,0,4,0,5
717,4,5,0,6,4,7,0,0,0,4,6,0,0,0,5
718,2,5,0,6,4,7,0,0,1,4,4,4,1,4,5
719,4,5,1,6,4,7,0,3,0,4,4,0,0,0,5
720,4,5,0,6,4,3,0,0,0,4,4,0,1,0,5
721,4,4,1,2,4,7,0,5,5,4,5,1,0,5,5
722,0,5,0,6,4,4,4,0,4,4,4,0,4,0,3
723,4,4,1,6,0,7,2,0,2,4,4,0,0,2,1
724,6,1,0,6,7,7,4,4,0,4,5,0,1,0,5
725,5,5,4,6,5,7,0,4,0,0,4,4,0,0,2
726,1,5,0,6,6,5,0,4,0,4,5,4,0,1,1
727,6,5,0,2,4,7,0,1,1,5,4,0,6,2,7
728,4,5,0,6,4,7,0,4,1,4,4,0,0,0,4
729,5,5,4,4,0,6,0,1,1,0,4,5,7,1,5
730,6,1,0,6,0,7,5,0,0,4,5,0,2,2,5
731,6,5,1,6,4,2,0,0,1,4,0,4,0,0,5
732,4,5,1,7,4,5,0,4,0,4,6,0,0,1,7
733,4,5,4,4,4,7,5,0,4,5,5,0,0,0,1
734,4,5,0,6,7,7,0,2,0,0,5,1,1,0,1
735,6,1,0,6,4,7,0,0,0,4,4,0,0,1,7
736,7,5,0,6,4,7,6,0,1,4,4,4,0,0,5
737,7,5,0,6,0,3,0,0,2,4,4,0,0,2,6
738,0,5,0,7,4,7,0,0,0,0,5,0,0,4,3
739,6,5,0,4,4,7,0,0,4,4,4,0,0,0,5
740,4,5,0,4,4,6,1,0,1,6,6,0,1,0,5
741,6,1,0,4,7,5,0,5,0,0,6,1,0,0,7
742,4,5,0,6,6,7,0,0,0,4,4,0,2,4,3
743,4,4,0,4,4,7,0,1,0,4,4,0,0,2,5
744,0,5,0,6,4,3,4,0,0,4,0,4,0,0,5
745,6,5,0,7,5,6,1,0,0,6,4,0,0,0,5
746,4,7,0,6,6,1,0,4,0,4,4,0,0,3,5
747,6,5,5,6,4,7,0,0,0,4,4,2,0,2,5
748,4,5,1,2,4,7,0,1,0,4,4,4,0,0,4
749,6,5,0,6,4,7,0,0,0,4,4,4,1,2,4
750,0,7,0,6,6,7,0,0,0,7,2,0,2,0,1
751,7,5,0,6,4,7,0,0,3,4,4,0,0,0,5
752,4,5,0,6,4,7,4,0,0,6,4,0,0,2,5
753,4,4,0,5,0,6,0,0,2,5,4,0,0,0,4
754,6,5,4,2,4,7,0,0,0,0,4,0,0,0,7
755,4,1,2,7,4,7,0,0,1,4,5,0,0,0,5
756,6,4,1,6,0,6,2,1,0,4,4,0,0,0,5
757,0,5,5,6,4,7,0,0,0,4,4,0,0,0,5
758,6,4,0,6,4,7,0,2,3,3,4,0,4,0,5
759,6,5,0,6,6,7,4,0,4,4,1,0,0,4,5
760,4,4,2,2,6,7,2,0,1,4,4,0,4,0,5
761,5,5,0,6,2,7,0,0,2,5,4,2,0,0,5
762,4,5,2,6,4,7,0,5,2,6,4,0,2,0,5
763,5,5,0,6,4,7,0,1,4,5,1,0,0,0,1
764,4,0,6,6,4,7,0,0,0,0,4,0,1,0,5
765,4,5,2,6,4,3,0,0,0,6,4,0,1,0,7
766,4,6,1,4,4,3,1,0,2,4,4,0,0,1,5
767,0,5,2,6,4,3,4,1,2,4,4,5,0,0,5
768,1,1,2,6,4,7,0,0,0,7,6,4,0,0,5
769,4,5,0,2,4,5,1,0,0,0,6,0,0,1,5
770,4,5,4,4,4,7,0,0,0,5,1,0,4,0,7
771,4,4,2,6,7,7,0,0,0,4,4,0,0,2,5
772,0,4,0,6,4,2,2,0,0,4,4,0,0,1,5
773,4,4,1,7,4,7,5,1,0,4,4,0,1,0,5
774,4,5,0,6,4,7,1,1,0,4,4,6,0,5,7
775,4,5,2,2,4,7,0,1,0,4,0,0,0,0,5
776,4,5,1,4,4,6,0,0,0,4,4,0,0,4,5
777,4,5,5,2,4,7,0,4,2,0,4,0,0,0,5
778,4,1,1,6,4,7,0,0,4,4,4,0,0,0,4
779,4,4,0,6,0,6,0,4,0,4,4,0,2,0,5
780,6,5,0,7,4,5,0,3,0,4,4,0,0,2,1
781,4,4,6,6,0,6,0,0,1,4,4,0,2,2,5
782,5,1,0,6,6,3,2,1,0,5,4,0,0,0,1
783,4,5,0,6,4,3,0,0,0,6,4,0,0,0,5
784,4,5,1,6,4,7,0,0,0,4,4,0,0,2,0
785,6,5,0,4,5,6,0,2,4,6,4,2,0,0,5
786,4,4,0,6,4,7,0,1,0,5,6,0,0,0,5
787,4,5,0,0,4,7,0,0,1,0,6,0,0,4,1
788,4,4,0,6,4,7,1,4,0,0,0,3,0,1,5
789,6,5,0,6,4,7,0,3,3,4,5,0,0,4,5
790,4,5,0,6,4,7,0,0,0,4,0,1,2,0,5
791,4,5,0,6,4,7,1,0,2,4,4,6,3,4,5
792,4,5,2,6,4,3,2,1,0,4,5,0,4,0,5
793,4,7,2,4,4,5,0,0,0,4,4,4,0,2,5
794,4,4,4,6,4,7,4,0,1,4,4,2,1,6,5
795,0,4,2,6,0,3,0,0,4,2,5,0,0,0,3
796,4,5,3,6,4,6,1,1,2,5,0,0,2,0,7
797,2,5,0,6,4,1,0,0,0,4,6,4,0,3,5
798,0,5,0,6,4,7,0,2,0,4,4,0,0,0,5
799,4,5,0,6,4,7,1,0,0,4,4,0,0,0,4
800,4,4,4,6,4,7,4,0,0,4,4,1,4,0,5
801,4,5,4,2,4,6,2,6,0,6,4,0,1,0,5
802,4,5,2,6,4,7,1,0,0,0,4,0,4,1,5
803,4,5,0,6,4,7,0,0,0,4,4,0,0,2,7
804,4,4,0,6,6,7,0,4,2,4,0,1,0,0,5
805,6,5,0,6,4,7,0,0,0,1,6,0,5,4,7
806,4,5,0,6,2,0,1,5,0,4,5,0,0,0,1
807,5,5,0,6,4,7,6,0,0,4,0,4,4,1,5
808,0,5,0,6,0,7,0,2,0,4,6,0,0,0,5
809,4,5,4,6,0,0,0,1,4,4,4,0,1,0,5
810,3,5,4,7,4,7,0,0,0,4,0,2,0,0,5
811,6,5,0,2,4,7,0,0,0,0,5,0,0,2,5
812,4,7,0,6,4,7,0,0,0,5,6,1,1,0,5
813,0,5,0,6,4,4,0,0,0,4,6,0,0,2,5
814,4,5,2,6,4,7,0,0,1,0,4,0,0,1,5
815,4,5,1,3,4,7,0,0,0,4,4,0,1,4,5
816,4,5,1,6,0,7,0,1,0,4,4,0,4,0,4
817,0,5,4,6,4,7,0,0,2,4,0,0,3,0,5
818,4,4,4,6,0,7,0,2,0,4,5,0,1,0,5
819,6,5,1,7,7,7,1,1,0,4,6,0,0,5,5
820,4,5,0,6,4,7,0,5,0,4,4,0,0,3,5
821,7,5,1,6,4,7,0,1,0,7,4,0,1,4,5
822,4,5,0,6,4,7,1,3,0,0,0,4,0,2,5
823,0,1,0,6,4,7,4,1,3,4,6,1,1,2,5
824,0,4,0,6,0,7,2,0,0,6,6,0,0,1,7
825,4,5,6,7,6,7,0,1,0,4,4,4,0,2,5
826,4,5,2,6,4,6,0,1,0,4,5,0,0,0,5
827,0,5,4,4,4,7,0,0,2,4,5,0,0,0,7
828,4,5,1,4,4,5,0,1,0,4,4,0,0,0,5
829,4,5,0,4,0,6,0,0,0,4,5,0,0,3,7
830,6,7,0,4,4,7,0,0,0,4,4,0,0,0,4
831,5,5,1,6,4,7,0,0,0,4,4,0,2,0,5
832,4,5,0,6,6,7,1,0,0,6,6,0,0,0,5
833,4,5,1,6,4,6,1,0,4,4,4,1,0,3,5
834,4,5,0,6,4,7,0,0,1,4,4,3,4,0,7
835,4,5,0,6,4,6,4,0,1,4,0,1,0,0,5
836,4,5,0,2,5,3,0,2,5,5,5,0,0,0,7
837,4,7,0,6,6,5,0,4,1,4,6,4,1,1,5
838,7,5,0,6,4,7,4,0,4,4,4,0,4,1,5
839,0,5,0,4,6,5,0,0,4,4,0,0,0,0,4
840,4,5,2,6,6,2,2,0,0,6,4,3,6,0,5
841,4,4,0,7,4,3,0,0,0,4,4,0,0,4,5
842,4,4,4,6,4,5,5,1,0,6,4,2,0,0,7
843,5,5,6,6,4,7,0,5,4,4,7,0,0,4,5
844,4,4,0,6,2,7,4,0,1,4,2,2,2,2,5
845,4,5,0,6,4,7,0,2,0,4,4,0,0,0,5
846,6,5,0,4,4,4,0,0,0,4,5,2,0,0,5
847,4,5,4,6,4,7,0,5,0,5,0,0,0,0,1
848,6,7,0,7,6,5,1,4,1,0,4,0,2,4,5
849,4,4,0,6,4,7,0,0,0,4,5,0,0,4,5
850,0,1,0,6,4,7,2,4,0,7,4,0,0,1,5
851,4,5,0,6,4,5,2,0,1,4,5,0,4,4,1
852,4,5,0,6,6,7,0,4,0,4,4,2,0,0,5
853,4,7,0,6,5,4,3,1,2,4,4,1,1,0,5
854,4,5,0,0,4,7,0,0,0,5,5,0,2,4,5
855,4,5,1,6,1,3,0,5,0,4,4,0,0,2,1
856,4,5,4,7,4,4,0,0,0,4,4,5,0,2,5
857,4,5,4,6,4,6,1,4,0,4,4,0,0,0,5
858,4,4,0,6,6,3,1,0,0,4,6,0,0,0,5
859,1,5,0,6,4,7,1,4,1,4,4,2,4,2,7
860,4,1,0,2,4,7,0,0,0,4,1,0,1,0,7
861,6,1,0,6,2,7,0,0,0,7,1,0,0,0,5
862,4,7,0,6,4,6,2,0,3,4,4,0,0,1,5
863,0,5,1,7,6,3,0,0,4,4,6,0,0,0,5
864,4,5,5,2,6,7,0,4,0,4,4,2,0,4,5
865,4,5,2,7,4,7,2,0,0,4,4,0,0,0,5
866,4,5,0,6,4,6,2,1,5,4,4,0,0,0,4
867,4,5,0,2,4,7,0,0,2,4,1,4,0,0,5
868,4,4,0,3,0,7,0,0,2,4,4,2,1,0,5
869,4,4,0,6,6,7,0,2,0,0,4,2,0,0,5
870,4,5,4,6,4,7,0,0,0,4,4,0,1,0,5
871,0,5,1,6,4,2,0,0,2,0,4,0,4,0,5
872,6,1,0,6,4,7,0,0,4,4,0,2,0,1,5
873,4,4,0,6,4,7,0,0,0,0,0,0,0,0,5
874,5,5,0,5,4,7,1,2,1,4,4,0,0,4,5
875,4,4,0,6,5,7,4,5,0,4,6,0,0,0,5
876,4,5,0,6,4,7,2,0,0,4,4,3,0,0,5
877,1,5,2,6,4,6,2,0,0,4,4,0,0,0,7
878,4,5,2,4,4,7,0,0,0,4,4,0,0,0,5
879,4,1,1,7,4,7,1,0,0,6,4,1,0,0,0
880,4,5,0,6,4,6,0,0,0,4,4,1,0,2,5
881,4,5,0,6,4,3,0,2,2,4,5,1,0,0,1
882,4,1,0,6,0,4,2,1,6,4,4,0,0,1,5
883,4,7,2,6,4,7,2,0,6,4,4,0,0,0,5
884,4,5,0,6,4,5,0,0,0,5,4,0,0,6,5
885,4,7,0,2,4,7,1,0,1,4,4,0,2,1,1
886,4,5,0,4,4,7,0,0,0,0,4,5,0,4,7
887,4,5,4,2,4,7,6,2,0,4,7,1,2,1,0
888,4,5,0,4,5,7,4,0,4,4,6,1,4,0,5
889,6,4,0,6,4,7,0,0,0,4,7,0,0,0,5
890,4,5,1,4,4,4,2,0,1,5,4,0,0,1,7
891,4,5,0,2,4,7,2,0,1,4,6,2,0,0,5
892,5,5,1,6,4,5,4,0,0,4,4,1,1,0,1
893,4,5,1,6,4,7,0,4,0,4,6,2,6,0,7
894,4,3,3,6,4,7,0,0,3,6,5,4,0,0,5
895,2,5,0,7,4,4,0,0,0,4,6,0,4,0,4
896,0,5,0,3,4,6,1,1,4,4,4,4,0,0,5
897,4,5,0,7,4,7,0,0,0,4,5,7,0,2,5
898,7,5,4,6,4,7,0,0,2,5,0,0,1,0,5
899,4,5,0,2,4,1,0,2,0,0,4,2,0,0,1
900,4,5,0,6,5,5,0,0,2,4,5,1,0,0,5
901,4,5,0,6,6,7,0,0,0,4,4,2,0,0,5
902,6,7,0,6,4,7,0,0,0,4,6,0,0,0,7
903,4,5,0,6,6,5,0,0,3,6,5,0,0,0,5
904,4,7,0,0,5,7,0,0,1,5,4,0,0,0,5
905,4,5,2,5,6,7,6,0,2,4,6,0,0,0,1
906,0,5,2,7,4,6,0,0,0,5,4,1,0,0,5
907,6,5,0,4,4,7,0,0,0,5,4,4,0,2,5
908,4,5,0,6,4,3,0,0,0,4,4,2,0,0,6
909,5,5,0,7,4,7,1,0,4,4,4,0,3,1,5
910,6,4,0,6,4,7,0,0,1,0,4,0,3,5,4
911,6,1,0,6,4,7,0,4,0,4,0,0,4,2,4
912,2,5,0,6,0,7,0,4,3,0,0,2,4,0,5
913,6,7,2,6,1,7,0,0,1,4,4,0,3,2,1
914,2,5,0,6,4,7,0,1,2,4,4,0,0,4,5
915,6,5,0,6,2,7,0,1,2,1,4,4,0,0,0
916,4,5,0,6,4,7,0,0,4,4,4,1,0,1,5
917,0,4,4,6,4,5,1,4,0,6,4,0,3,0,1
918,4,7,0,7,4,7,0,0,4,4,5,0,0,0,4
919,4,1,2,6,4,5,0,0,0,5,4,0,0,0,4
920,4,1,2,6,5,4,0,0,4,2,3,2,2,2,5
921,2,7,0,6,4,3,0,5,0,4,4,0,0,0,5
922,4,4,1,6,4,6,0,2,2,0,4,0,0,0,7
923,2,5,0,6,4,7,0,0,0,0,0,0,2,3,1
924,5,5,4,6,5,7,1,0,2,4,0,0,0,0,5
925,5,3,4,2,4,4,0,1,0,4,4,2,2,0,5
926,4,5,0,6,5,1,2,0,0,4,4,0,0,2,5
927,0,5,0,2,4,7,0,0,0,5,4,2,0,0,1
928,0,5,1,6,6,7,0,5,4,4,4,4,0,0,5
929,0,1,0,6,4,3,2,0,0,5,5,0,0,0,5
930,0,5,0,6,4,2,0,0,0,4,4,0,0,2,5
931,4,5,0,2,4,4,0,0,4,4,4,4,0,4,5
932,4,3,4,6,4,3,0,4,4,2,4,0,0,0,5
933,0,1,0,2,4,6,1,5,4,4,4,1,2,0,1
934,2,5,0,6,4,7,0,4,2,5,6,1,2,0,1
935,5,5,4,6,6,7,2,0,0,4,5,4,0,0,7
936,4,4,0,6,4,5,0,0,2,4,3,0,4,0,3
937,4,5,2,7,4,7,0,0,2,4,4,0,0,0,1
938,2,5,0,6,4,7,1,0,2,0,4,6,2,0,5
939,4,5,2,6,6,7,0,1,6,5,4,4,0,0,7
940,5,5,1,6,5,7,0,0,0,4,7,1,0,0,5
941,4,5,0,4,4,7,0,1,4,6,5,1,2,0,1
942,4,5,0,6,4,7,0,0,0,4,6,0,2,0,7
943,4,4,2,4,4,7,0,0,0,1,4,0,2,0,5
944,5,5,0,4,4,6,0,0,1,7,4,2,0,0,5
945,0,7,2,6,0,2,0,4,0,3,4,0,0,0,5
946,4,5,4,7,0,3,0,2,0,6,4,1,0,0,7
947,3,1,1,3,5,3,0,0,1,6,7,0,0,0,4
948,0,5,0,6,4,3,0,0,1,4,4,0,0,0,5
949,0,5,0,6,6,7,0,0,5,6,4,0,2,0,7
950,0,1,0,6,4,7,4,0,1,4,4,4,0,1,1
951,4,1,0,6,1,7,1,0,0,4,4,0,3,4,5
952,4,5,0,6,4,7,0,0,1,0,4,0,0,4,1
953,0,5,2,6,4,7,0,0,0,6,6,0,2,2,5
954,4,5,3,2,4,7,0,2,0,4,4,0,0,0,5
955,0,5,5,4,7,7,0,0,0,6,5,4,2,0,5
956,5,5,0,3,5,7,0,0,4,4,4,0,0,0,5
957,4,5,0,3,4,5,2,2,3,4,4,0,0,6,1
958,4,5,4,6,6,4,2,3,0,4,0,0,0,4,1
959,6,1,0,6,0,7,5,2,2,4,0,4,4,0,5
960,4,5,4,6,6,5,7,0,0,4,6,0,0,0,5
961,0,1,1,6,4,7,0,1,2,4,4,4,0,0,5
962,4,1,0,6,4,7,0,0,0,4,1,0,0,0,7
963,5,4,0,4,4,3,0,0,0,0,4,3,0,4,5
964,4,5,0,6,4,4,0,1,0,4,4,0,2,3,7
965,0,5,6,6,4,3,0,0,4,6,4,0,1,0,5
966,4,7,2,6,5,7,1,0,0,4,4,4,2,0,1
967,6,5,0,6,5,7,0,4,0,4,4,0,0,0,5
968,5,5,2,6,6,5,1,2,0,6,4,4,5,0,5
969,4,5,0,6,4,7,0,0,0,3,5,4,0,0,5
970,4,5,0,6,4,5,0,2,0,4,4,4,2,0,5
971,0,7,0,7,4,3,1,4,4,4,5,0,1,1,5
972,4,5,4,6,4,7,0,0,2,4,4,0,0,0,5
973,4,5,1,6,0,7,0,0,0,4,4,1,0,0,0
974,4,5,0,3,4,3,0,1,3,4,4,2,0,0,5
975,4,0,1,6,2,3,1,0,0,4,4,1,0,0,1
976,6,5,0,4,4,7,1,0,0,6,4,0,0,0,1
977,4,5,0,6,4,7,4,0,1,0,4,0,0,0,1
978,4,5,0,6,4,3,0,0,0,4,1,0,0,1,1
979,4,5,0,5,4,7,0,0,0,4,4,0,0,1,7
980,4,5,0,2,0,5,0,0,1,4,4,0,0,0,7
981,4,4,0,6,4,7,0,4,1,0,4,0,1,0,7
982,4,5,0,6,4,5,4,1,4,4,4,4,0,2,1
983,0,7,2,6,4,7,1,0,0,0,5,0,0,0,5
984,1,5,6,4,6,5,0,0,0,4,5,0,0,3,5
985,4,5,4,6,4,7,0,0,0,4,4,0,0,1,5
986,4,4,0,6,0,7,0,1,1,4,4,0,0,6,4
987,7,5,0,7,0,7,0,0,2,4,4,2,0,4,1
988,4,1,0,2,4,7,4,0,0,4,4,0,0,0,5
989,0,5,4,6,4,7,0,0,1,4,4,0,2,1,1
990,4,7,2,2,4,7,0,1,1,4,4,0,1,4,4
991,4,5,0,6,4,7,0,1,0,4,6,0,0,0,7
992,6,5,0,6,5,7,5,2,0,4,4,1,1,0,4
993,4,5,0,2,4,7,2,2,2,6,1,0,1,0,5
994,4,5,2,4,4,2,0,0,0,4,0,0,0,0,5
995,5,7,0,6,5,7,4,2,0,4,6,0,1,0,7
996,4,5,4,0,4,5,0,1,2,0,4,1,0,0,2
997,4,5,0,6,6,7,4,0,2,4,4,0,4,1,5
998,1,5,4,6,0,7,4,0,0,6,4,0,0,5,5
999,3,5,0,7,0,7,0,0,2,4,4,2,0,4,5
